001,admin,1682849317392
001,admin,1682849453486
001,admin,1682874233864
001,admin,1682874445130
001,admin,1682874654728
001,admin,1682874896108
001,admin,1682874945399
001,admin,1682876257615
001,admin,1682876339004
001,admin,1682876463504
001,admin,1682876484959
001,admin,1682876522579
001,admin,1682876590658
001,admin,1682876688586
001,admin,1682877020538
001,admin,1682877136692
001,admin,1682877181974
001,admin,1682877373216
001,admin,1682878828836
001,admin,1682878887090
001,admin,1682878999691
001,admin,1682879110823
001,admin,1682879168765
001,admin,1682879262270
001,admin,1682879532701
001,admin,1682879700724
001,admin,1682879895459
001,admin,1682885147429
001,admin,1682885214517
001,admin,1682885328842
001,admin,1682885505450
001,admin,1682885679166
001,admin,1682885837948
001,admin,1682885910713
001,admin,1682886089525
001,admin,1682886205969
001,admin,1682887500924
001,admin,1682888094422
001,admin,1682888183604
001,admin,1682888379940
200,student,1682888956825
100,professor,1682889287364
100,professor,1682889747280
100,professor,1682890495309
001,admin,1682890546849
100,professor,1682890612184
102,professor,1682890649297
100,professor,1682890692395
100,professor,1682893615678
200,student,1682894315729
100,professor,1682894372818
001,admin,1682896020378
200,student,1682896043843
200,student,1682896114490
